{ "height":10,
 "layers":[
    {
        "data":[69, 70, 70, 70, 70, 70, 70, 70, 70, 70, 70, 71, 86, 87, 87, 87, 87, 87, 87, 87, 87, 87, 87, 88, 86, 87, 87, 87, 87, 87, 87, 87, 87, 87, 87, 88, 86, 87, 87, 87, 87, 87, 87, 87, 87, 87, 87, 88, 86, 87, 87, 87, 87, 87, 87, 87, 87, 87, 87, 88, 86, 87, 87, 87, 87, 87, 87, 87, 87, 87, 87, 88, 86, 87, 87, 87, 87, 87, 87, 87, 87, 87, 87, 88, 86, 87, 87, 87, 87, 87, 87, 87, 87, 87, 87, 88, 86, 87, 87, 87, 87, 87, 87, 87, 87, 87, 87, 88, 120, 121, 121, 121, 121, 121, 121, 121, 121, 121, 121, 122],
        "height":10,
        "name":"base",
        "opacity":1,
        "type":"tilelayer",
        "visible":true,
        "width":12,
        "x":0,
        "y":0
    },
    {
        "data":[0, 0, 0, 0, 0, 0, 0, 0, 0, 0, 0, 0, 0, 0, 106, 0, 0, 0, 0, 0, 0, 0, 0, 0, 0, 0, 0, 0, 0, 0, 0, 0, 0, 0, 0, 0, 0, 0, 0, 0, 0, 0, 0, 0, 0, 0, 0, 0, 0, 0, 0, 0, 0, 0, 0, 0, 0, 0, 0, 0, 0, 0, 0, 0, 0, 0, 0, 0, 0, 0, 0, 0, 0, 0, 0, 0, 0, 0, 0, 0, 0, 0, 0, 0, 0, 0, 0, 0, 0, 0, 0, 0, 0, 107, 0, 0, 0, 0, 0, 0, 0, 0, 0, 0, 0, 0, 0, 0, 0, 0, 0, 0, 0, 0, 0, 0, 0, 0, 0, 0],
        "height":10,
        "name":"base",
        "opacity":1,
        "type":"tilelayer2",
        "visible":true,
        "width":12,
        "x":0,
        "y":0
    }],
 "nextobjectid":1,
 "orientation":"orthogonal",
 "renderorder":"right-down",
 "tiledversion":"1.0.3",
 "tileheight":64,
 "tilesets":[
        {
         "firstgid":1,
         "image":"world.[64,64].png",
         "imageheight":768,
         "imagewidth":1088,
         "margin":0,
         "name":"tilesheet",
         "tileheight":64,
         "tilewidth":64
        }
    ],
 "tilewidth":64,
 "type":"map",
 "version":1,
 "width":12
}