{
   "frames":{
      "Symbol 2 copy instance 10000":{
         "frame":{
            "x":0,
            "y":0,
            "w":67,
            "h":92
         },
         "rotated":false,
         "trimmed":true,
         "spriteSourceSize":{
            "x":2,
            "y":3,
            "w":71,
            "h":95
         },
         "sourceSize":{
            "w":71,
            "h":95
         }
      },
      "Symbol 2 copy instance 10001":{
         "frame":{
            "x":67,
            "y":0,
            "w":66,
            "h":93
         },
         "rotated":false,
         "trimmed":true,
         "spriteSourceSize":{
            "x":3,
            "y":2,
            "w":71,
            "h":95
         },
         "sourceSize":{
            "w":71,
            "h":95
         }
      },
      "Symbol 2 copy instance 10002":{
         "frame":{
            "x":133,
            "y":0,
            "w":66,
            "h":91
         },
         "rotated":false,
         "trimmed":true,
         "spriteSourceSize":{
            "x":4,
            "y":2,
            "w":71,
            "h":95
         },
         "sourceSize":{
            "w":71,
            "h":95
         }
      },
      "Symbol 2 copy instance 10003":{
         "frame":{
            "x":0,
            "y":93,
            "w":67,
            "h":91
         },
         "rotated":false,
         "trimmed":true,
         "spriteSourceSize":{
            "x":4,
            "y":1,
            "w":71,
            "h":95
         },
         "sourceSize":{
            "w":71,
            "h":95
         }
      },
      "Symbol 2 copy instance 10004":{
         "frame":{
            "x":67,
            "y":93,
            "w":66,
            "h":91
         },
         "rotated":false,
         "trimmed":true,
         "spriteSourceSize":{
            "x":5,
            "y":0,
            "w":71,
            "h":95
         },
         "sourceSize":{
            "w":71,
            "h":95
         }
      },
      "Symbol 2 copy instance 10005":{
         "frame":{
            "x":133,
            "y":93,
            "w":69,
            "h":90
         },
         "rotated":false,
         "trimmed":true,
         "spriteSourceSize":{
            "x":2,
            "y":0,
            "w":71,
            "h":95
         },
         "sourceSize":{
            "w":71,
            "h":95
         }
      },
      "Symbol 2 copy instance 10006":{
         "frame":{
            "x":0,
            "y":184,
            "w":69,
            "h":91
         },
         "rotated":false,
         "trimmed":true,
         "spriteSourceSize":{
            "x":2,
            "y":0,
            "w":71,
            "h":95
         },
         "sourceSize":{
            "w":71,
            "h":95
         }
      },
      "Symbol 2 copy instance 10007":{
         "frame":{
            "x":69,
            "y":184,
            "w":69,
            "h":92
         },
         "rotated":false,
         "trimmed":true,
         "spriteSourceSize":{
            "x":1,
            "y":1,
            "w":71,
            "h":95
         },
         "sourceSize":{
            "w":71,
            "h":95
         }
      },
      "Symbol 2 copy instance 10008":{
         "frame":{
            "x":138,
            "y":184,
            "w":68,
            "h":92
         },
         "rotated":false,
         "trimmed":true,
         "spriteSourceSize":{
            "x":1,
            "y":2,
            "w":71,
            "h":95
         },
         "sourceSize":{
            "w":71,
            "h":95
         }
      },
      "Symbol 2 copy instance 10009":{
         "frame":{
            "x":0,
            "y":276,
            "w":69,
            "h":93
         },
         "rotated":false,
         "trimmed":true,
         "spriteSourceSize":{
            "x":0,
            "y":2,
            "w":71,
            "h":95
         },
         "sourceSize":{
            "w":71,
            "h":95
         }
      },
      "Symbol 2 copy instance 10010":{
         "frame":{
            "x":69,
            "y":276,
            "w":67,
            "h":92
         },
         "rotated":false,
         "trimmed":true,
         "spriteSourceSize":{
            "x":2,
            "y":3,
            "w":71,
            "h":95
         },
         "sourceSize":{
            "w":71,
            "h":95
         }
      }
   },
   "meta":{
      "app":"Adobe Flash CS6",
      "version":"12.0.2.529",
      "image":"p2_walk.png",
      "format":"RGBA8888",
      "size":{
         "w":256,
         "h":512
      },
      "scale":"1"
   }
}